t,Re<C_aa>,Im<C_aa>,|C_aa|,|C_aa|^2,Re<C_ab>,Im<C_ab>,|C_ab|,|C_ab|^2
0,1,0,1,1,0.487572474,0,0.487572474,0.237726917
3.6,-0.361159769,0.183849307,0.405261578,0.164236947,-0.19676572,0.0521599321,0.203561802,0.0414374072
7.2,0.0624419443,0.0248586981,0.067208268,0.00451695129,0.0164445927,0.0218155553,0.0273192804,0.000746343084
10.8,0.111350795,0.207862893,0.235809206,0.0556059818,0.107702958,0.106565343,0.151512704,0.0229560995
14.4,-0.367842416,0.072573542,0.374933277,0.140574962,-0.435747785,0.0903624397,0.445018542,0.198041503
18,0.0210500927,-0.187461144,0.188639304,0.0355847869,0.292995719,-0.155033621,0.331484412,0.109881915
21.6,-0.0339216494,0.0644475038,0.0728296577,0.00530415905,-0.143919231,-0.04455671,0.150658706,0.0226980456
25.2,-0.114234936,-0.20052788,0.230783559,0.0532610511,-0.0790430159,-0.081984988,0.113882995,0.0129693366
28.8,0.43150205,-0.20185188,0.476380311,0.226938201,0.342900192,-0.0699338735,0.349958981,0.122471288
32.4,-0.254924698,0.318450937,0.407918621,0.166397601,-0.20935434,0.190811486,0.283263593,0.0802382628
36,0.260258549,-0.0880718701,0.274756559,0.0754911668,0.212787612,-0.052900933,0.219264855,0.0480770766
39.6,-0.0924563868,0.107815907,0.142029762,0.0201724534,-0.048250716,0.0687589196,0.0839995275,0.00705592062
43.2,-0.239777549,0.0926684008,0.257061677,0.0660807056,-0.282472346,0.0809703601,0.293848303,0.0863468255
46.8,0.100928578,-0.0931745776,0.137361129,0.0188680797,0.196640795,-0.136433675,0.239336061,0.0572817502
50.4,-0.0820509169,0.0110810962,0.0827957949,0.00685514365,-0.179352888,0.0681963189,0.191880682,0.0368181963
54,-0.0277856451,-0.218658669,0.220417004,0.0485836557,0.116843714,-0.142506071,0.184283569,0.0339604339
57.6,0.258506558,0.0145696664,0.258916812,0.0670379156,0.152446422,-0.0605210369,0.164020449,0.0269027076
61.2,-0.166668057,0.166471825,0.23556551,0.0554911097,-0.18789928,0.152020509,0.241694796,0.0584163743
64.8,0.2096957,-0.100481004,0.232526812,0.0540687185,0.203395919,-0.0357388976,0.206511909,0.0426471686
68.4,-0.19397256,0.20531458,0.282452528,0.0797794308,-0.117947786,0.142562017,0.18502867,0.0342356087
72,-0.0251911233,0.00507429339,0.0256971038,0.000660341146,-0.0796785865,-0.025111239,0.0835419144,0.00697925147
75.6,0.0475738725,-0.135615904,0.14371829,0.0206549469,0.11032584,-0.137378788,0.176195126,0.0310447223
79.2,-0.160681069,0.0273124925,0.162985822,0.0265643781,-0.224227901,0.0681816155,0.234364853,0.0549268844
82.8,0.101322902,-0.146051111,0.177756174,0.0315972575,0.181335391,-0.126589324,0.221150133,0.0489073811
86.4,0.164933003,0.0809061739,0.183708205,0.0337487045,0.0528916733,0.0434751232,0.0684661627,0.00468761543
90,-0.129369037,0.0248353504,0.131731327,0.0173531424,-0.0580563633,0.0705131098,0.0913380533,0.00834263997
93.6,0.160542198,0.0145996807,0.161204677,0.0259869479,0.137099903,-0.0632883955,0.151002664,0.0228018044
97.2,-0.199690899,0.153420927,0.251822231,0.0634144362,-0.190129015,0.141460083,0.236981007,0.0561599976
100.8,0.0519176987,-0.0888092173,0.102871398,0.0105825245,0.0218434937,-0.0550009756,0.059179773,0.00350224554
104.4,-0.0525631003,-0.0743842409,0.0910818028,0.00829589481,0.0478084078,-0.0380037781,0.0610731611,0.00372993101
108,-0.100793508,0.0209096311,0.102939516,0.010596544,-0.12840334,-0.0140526812,0.129170026,0.0166848956
111.6,0.219740944,-0.199650389,0.296894527,0.0881463604,0.208288207,-0.10718232,0.23424779,0.0548720269
115.2,0.013516017,0.135514641,0.136187006,0.0185469006,-0.094203517,0.0959908891,0.134493693,0.0180885534
118.8,-0.0869901347,0.0363619511,0.0942840126,0.00888947503,0.0152388996,0.0491022123,0.0514125599,0.00264325131
122.4,0.220455019,0.0258027554,0.221959901,0.0492661976,0.141053184,0.0119924076,0.141562066,0.0200398184
126,-0.219127184,0.10921475,0.244835832,0.0599445844,-0.235670622,0.093995105,0.253723712,0.0643757218
129.6,0.018987263,-0.115609052,0.11715788,0.013725969,0.0914557579,-0.151447345,0.176919343,0.0313004538
133.2,-0.0903748534,0.0458541342,0.101342073,0.0102702158,-0.0892419275,0.0207706957,0.0916271981,0.00839554342
136.8,0.00228308016,-0.0564327114,0.0564788754,0.00318986337,-0.0601788333,0.0117133815,0.0613081991,0.00375869528
140.4,0.0764572274,-0.156294932,0.173993716,0.0302738134,0.228177635,-0.148370385,0.272174217,0.0740788042
144,0.0148371924,0.165545344,0.166208914,0.0276254032,-0.100113432,0.143701447,0.175136533,0.0306728053
147.6,0.0201520828,-0.051981851,0.055751406,0.00310821927,0.0770702193,-0.0586683962,0.0968596893,0.00938179942
151.2,0.0541271988,0.0290543246,0.0614321368,0.00377390743,0.00555494291,0.0613158514,0.0615669637,0.00379049102
154.8,-0.123401501,0.0776990154,0.145825469,0.0212650674,-0.116536045,0.129802714,0.174440231,0.0304293942
158.4,0.0511801066,-0.0524927898,0.0733136842,0.00537489629,0.0740907992,-0.164060506,0.180014711,0.0324052963
162,-0.0683419784,0.000360276202,0.068342928,0.0046707558,-0.0911949501,0.0613686853,0.109921037,0.0120826345
165.6,0.0152200729,-0.0508866429,0.0531140381,0.00282110104,-0.0048405461,-0.0635164701,0.0637006504,0.00405777286
169.2,0.0518989309,-0.00176127816,0.0519288083,0.00269660113,0.075287471,-0.0485160203,0.0895656604,0.00802200753
172.8,-0.0166075965,0.061460109,0.0636644113,0.00405315726,-0.0191234341,0.111215662,0.112847814,0.0127346292
176.4,0.0479686643,-0.0360836576,0.0600251872,0.0036030231,0.0745820132,-0.0790690346,0.108694015,0.0118143889
180,-0.0441070599,0.0531811636,0.0690917426,0.00477366889,-0.0378370157,0.0627980228,0.0733159698,0.00537523143
183.6,-0.0565088294,-0.0309990459,0.0644529957,0.00415418865,-0.0549839609,0.0167245617,0.0574712704,0.00330294692
187.2,0.0570349428,0.00631628875,0.0573836232,0.00329288021,0.0249813707,-0.0463773112,0.0526775462,0.00277492388
190.8,-0.0744960473,-0.0659145198,0.0994705232,0.00989438499,-0.0474168787,0.0358495674,0.0594436866,0.00353355187
194.4,0.0911367227,0.0134078618,0.0921177126,0.00848567298,0.0511863783,-0.0511646587,0.072373114,0.00523786762
198,0.0361430906,0.0425542335,0.0558317633,0.00311718579,0.0218890749,0.00708949868,0.023008533,0.000529392592
201.6,-0.0573095359,0.00685653692,0.0577182381,0.00333139501,-0.0355543424,0.0194911714,0.0405464798,0.00164401703
205.2,0.0735717703,0.00303015264,0.0736341443,0.00542198721,0.05425461,0.00836259925,0.0548953165,0.00301349577
208.8,-0.145680848,0.0637347973,0.159012685,0.0252850339,-0.074666408,0.0225168623,0.0779877014,0.00608208157
212.4,0.0372766434,-0.0817771083,0.0898723739,0.00807704358,0.0089872012,-0.0245852117,0.0261763714,0.000685202418
216,0.0225419297,-0.00108358625,0.0225679586,0.000509312755,0.0312578376,-0.0127682317,0.0337650729,0.00114008015
219.6,-0.0859651244,-0.0895258693,0.124116413,0.0154048839,-0.0658345988,-0.0337471388,0.073980158,0.00547306378
223.2,0.194372378,0.0727038392,0.207524624,0.0430664697,0.105108323,0.0171599027,0.106499868,0.0113422219
226.8,-0.0310682259,0.0126762343,0.0335547549,0.00112592158,-0.0356082097,0.0259689404,0.0440718783,0.00194233046
230.4,-0.0557647865,0.0186051189,0.0587865789,0.00345586186,-0.00456062074,0.0114936788,0.0123654322,0.000152903913
234,0.0940185603,0.0442179355,0.10389762,0.0107947155,0.0613113491,0.0284939443,0.0676090703,0.00457098638
237.6,-0.201466952,0.0251060404,0.203025235,0.0412192461,-0.151818119,-0.0399107047,0.156976449,0.0246416055
241.2,0.0721025701,-0.122336677,0.142003673,0.0201650431,0.0663611182,-0.0053606605,0.0665772835,0.00443253468
244.8,-0.0579011432,0.0473018119,0.0747663279,0.00559000378,-0.0131997718,-0.00583639805,0.014432516,0.000208297519
248.4,0.0306178314,-0.0982259144,0.102887229,0.0105857818,-0.0207855121,-0.0370111076,0.0424483168,0.0018018596
252,0.20660942,0.0314075458,0.208982981,0.0436738864,0.164577865,0.0280222241,0.166946455,0.0278711188
255.6,-0.154355279,0.0223363254,0.15596302,0.0243244635,-0.128734696,0.00152945294,0.128743781,0.0165749612
259.2,0.0444206332,0.069492147,0.0824763672,0.00680235115,0.0431445935,0.037893215,0.0574225712,0.00329735169
262.8,0.0505273745,0.0237885115,0.055847192,0.00311890885,0.00326143313,0.0467527802,0.0468663995,0.0021964594
266.4,-0.24417204,0.0074814279,0.244286628,0.0596759567,-0.145989813,-0.044085052,0.152500877,0.0232565174
270,0.130151981,-0.0839837748,0.154896135,0.0239928126,0.151099779,-0.0294314245,0.153939443,0.0236973521
273.6,-0.0967898906,0.0272022787,0.100539778,0.0101082469,-0.112217311,-0.0413960944,0.119609203,0.0143063615
277.2,0.0979990014,-0.150911715,0.179939295,0.0323781499,0.0407052739,-0.0180140675,0.044513211,0.00198142595
280.8,0.112075548,0.101322404,0.151086591,0.022827158,0.15131528,0.0542611005,0.160750057,0.0258405809
284.4,-0.117916228,0.0478200337,0.12724383,0.0161909924,-0.142866218,0.015599051,0.143715298,0.0206540868
288,0.132798301,0.000658933807,0.132799936,0.0176358229,0.129523475,0.0156692987,0.13046784,0.0170218574
291.6,-0.108401661,0.052453729,0.120425553,0.0145023138,-0.121456004,0.0277840121,0.124593387,0.0155235122
295.2,-0.175517384,0.0457468394,0.181381161,0.0328991255,-0.113216055,-0.0184934435,0.114716531,0.0131598825
298.8,0.201526057,-0.106468192,0.227921538,0.0519482276,0.169146565,-0.0190670775,0.170217843,0.0289741141
302.4,-0.168437195,-0.0143506981,0.169047423,0.0285770312,-0.139130416,-0.0362648277,0.143779033,0.0206724103
306,0.159462978,-0.125732727,0.203069347,0.0412371598,0.147825316,-0.0533805921,0.1571681,0.0247018115
309.6,0.0615878607,0.143031814,0.155727853,0.0242511643,0.0327871549,0.0375022511,0.049813817,0.00248141637
313.2,-0.0820828059,-0.00911350376,0.0825871841,0.00682064297,-0.134164865,0.059307754,0.146688857,0.0215176208
316.8,0.0995436708,0.0272264499,0.103199913,0.010650222,0.177399847,0.0333494874,0.180507324,0.0325828942
320.4,-0.131973465,0.113947383,0.17435883,0.0304010017,-0.172996223,0.0258943159,0.174923437,0.0305982088
324,-0.045891073,-0.0540540687,0.0709072135,0.00502783292,-0.00792973725,-0.0648904593,0.0653731783,0.00427365244
327.6,0.0835207781,-0.12869662,0.15342275,0.0235385403,0.0705237742,-0.0395450823,0.0808542904,0.00653741627
331.2,-0.179435903,0.0375555289,0.183323923,0.0336076609,-0.149616988,0.0021244461,0.14963207,0.0223897565
334.8,0.279163294,-0.109931598,0.300028501,0.0900171012,0.230009013,-0.032597101,0.232307376,0.0539667171
338.4,-0.0441609388,0.101548339,0.110735061,0.0122622536,-0.0432988687,0.0422238452,0.0604784684,0.00365764514
342,-0.0467025083,-0.0145655845,0.0489211665,0.00239328053,-0.0503493763,0.02057805,0.0543922406,0.00295851584
345.6,0.0914750016,0.0960389235,0.132631636,0.0175911507,0.0997958728,0.0296795116,0.104115751,0.0108400896
349.2,-0.137449127,0.0670119122,0.152914548,0.023382859,-0.223464804,0.0568061723,0.230572027,0.0531634598
352.8,-0.0164496916,-0.107511554,0.108762707,0.0118293265,0.119436151,-0.0645896654,0.135782249,0.0184368191
356.4,0.00486662566,-0.0361806708,0.0365065061,0.00133272499,-0.000403841938,-0.0471282416,0.0471299718,0.00222123424
360,-0.0808170116,-0.0122902148,0.0817461849,0.00668243874,-0.0940231509,-0.0402799453,0.102287961,0.0104628269
363.6,0.23550251,-0.11801446,0.263417625,0.069388845,0.207961488,-0.0229970529,0.209229168,0.0437768448
367.2,-0.157506434,0.159734911,0.224329041,0.0503235187,-0.131362652,0.101310632,0.165891502,0.0275199905
370.8,0.104483706,-0.013434942,0.105343925,0.0110973425,0.084445296,0.0171027237,0.0861598002,0.00742351117
374.4,0.0384056802,0.0661139744,0.0764594918,0.00584605389,0.0413900481,0.0174235409,0.0449078596,0.00201671586
378,-0.185046574,0.0163795999,0.185770088,0.0345105257,-0.227232752,0.011674452,0.227532451,0.0517710164
381.6,0.0308383634,-0.0669158499,0.073679954,0.00542873562,0.137233698,-0.0798410801,0.158769285,0.025207686
385.2,-0.00829929473,-0.000275874582,0.0083038786,6.89543998e-05,-0.101286252,0.0158243216,0.102514946,0.0105093141
388.8,-0.0179105924,-0.0894352039,0.0912109917,0.00831944502,0.0372536623,-0.0463423248,0.0594596201,0.00353544642
392.4,0.171834601,-0.0186526684,0.172844011,0.0298750523,0.185608801,-0.0345567744,0.188798299,0.0356447977
396,-0.141194046,0.153604895,0.208638976,0.0435302223,-0.175426582,0.0900245093,0.197177326,0.038878898
399.6,0.177773221,-0.0711514873,0.191483295,0.0366658522,0.132467887,0.000704564195,0.132469761,0.0175482376
403.2,-0.103311143,0.117019045,0.156098204,0.0243666493,-0.0628020159,0.0784039246,0.100455306,0.0100912686
406.8,-0.115055307,0.00979881317,0.115471817,0.0133337405,-0.118482839,-0.00370129564,0.118540637,0.0140518827
410.4,0.0861460741,-0.107354951,0.137645311,0.0189462316,0.146237804,-0.118857507,0.188447877,0.0355126022
414,-0.0907667629,-0.0114403578,0.0914849006,0.00836948703,-0.185715306,0.0222431555,0.187042596,0.0349849327
417.6,0.0281904943,-0.0759210916,0.0809859007,0.00655871611,0.110793059,-0.0608227078,0.126390283,0.0159745037
421.2,0.170644901,0.0630295611,0.181913188,0.0330924078,0.103609381,0.0314361288,0.108273423,0.0117231341
424.8,-0.111803668,0.0541514019,0.12422735,0.0154324344,-0.0998813151,0.0831646753,0.12997169,0.0168926403
428.4,0.162765726,-0.0690963596,0.17682474,0.0312669885,0.166489488,-0.0643838948,0.178505002,0.0318640356
432,-0.170851119,0.179204871,0.247597437,0.0613044908,-0.179061305,0.094800222,0.202608078,0.0410500332
435.6,-0.0209419037,-0.0652513255,0.068529547,0.00469629881,-0.0502046164,-0.0225573887,0.055039434,0.00302933929
439.2,0.0130163069,-0.10166628,0.102496131,0.0105054568,0.0974156686,-0.0598418838,0.114327877,0.0130708635
442.8,-0.0910925794,0.0424697125,0.10050639,0.0101015345,-0.135691486,0.0373833998,0.140746928,0.0198096979
446.4,0.130418509,-0.108322954,0.169537164,0.0287428498,0.17242718,-0.125947988,0.213527582,0.0455940281
450,0.0755029715,0.0504406299,0.0908017392,0.00824495585,-0.0228355216,0.0613604783,0.0654718973,0.00428656934
453.6,-0.113277734,0.0329023155,0.117959346,0.0139144074,-0.0462646531,0.0714919495,0.0851558393,0.00725151697
457.2,0.174758578,0.00676641874,0.174889522,0.0305863449,0.137913968,-0.0318638228,0.141547044,0.0200355657
460.8,-0.171577026,0.132067855,0.21651927,0.0468805942,-0.169683967,0.0978437565,0.195872533,0.0383660492
464.4,-0.00146511356,-0.125812929,0.125821459,0.0158310396,0.0333485296,-0.100908562,0.106276348,0.0112946622
468,-0.0540910086,-0.00200397125,0.0541281176,0.00292985312,-0.016449105,-0.0239053283,0.0290178871,0.000842037774
471.6,-0.00332791862,0.0209837123,0.0212459696,0.000451391222,-0.0850372573,0.0414049017,0.094581716,0.00894570101
475.2,0.121854687,-0.137049753,0.183388112,0.0336311997,0.194704833,-0.0963472143,0.217238942,0.0471927577
478.8,-0.0217420683,0.106362353,0.108561815,0.0117856677,-0.0620539002,0.0808776001,0.101940535,0.0103918727
482.4,-0.0143475788,-0.00300620403,0.0146591364,0.000214890279,0.0252465377,-0.0100679995,0.0271799978,0.000738752281
486,0.117717368,0.0226559557,0.119877733,0.014370671,0.0250796798,0.00579517359,0.0257405201,0.000662574374
489.6,-0.21071552,0.0925729907,0.230153838,0.0529707889,-0.161638519,0.106817619,0.193744715,0.0375370145
493.2,0.0658756013,-0.0906595623,0.112065834,0.0125587511,0.105839616,-0.100504672,0.145956204,0.0213032134
496.8,-0.0416939821,0.0165521643,0.0448593612,0.00201236229,-0.0548391806,0.00403812463,0.0549876548,0.00302364218
500.4,0.0240219661,-0.0658799626,0.070122923,0.00491722433,-0.0139764277,-0.0388159024,0.0412554822,0.00170201481
504,0.0643904473,-0.0615030088,0.0890435275,0.00792874979,0.123188026,-0.0573377804,0.135878294,0.0184629109
507.6,-0.0145832765,0.145660977,0.146389181,0.0214297922,-0.0944316769,0.118019411,0.151148679,0.0228459231
511.2,0.0548628695,-0.0740037168,0.0921221176,0.00848648455,0.106016489,-0.0325411418,0.11089825,0.0122984218
514.8,0.0102727285,0.0771337111,0.0778147694,0.00605513833,-0.0305409751,0.0336043307,0.0454092744,0.0020620022
518.4,-0.169313089,0.0571244897,0.178690037,0.0319301293,-0.119129994,0.0297414683,0.122786442,0.0150765103
522,0.111423202,-0.0970033219,0.147732103,0.0218247744,0.0819156198,-0.0905004114,0.122067576,0.0149004932
525.6,-0.0968522091,0.00561376043,0.0970147655,0.00941186472,-0.0985390328,0.0586041326,0.114648966,0.0131443853
529.2,0.0584222515,-0.0659359105,0.0880948566,0.00776070376,0.0847762778,-0.0684306642,0.108948488,0.0118697731
532.8,0.0666191259,-0.0098898259,0.0673492138,0.00453591659,0.0788451126,-0.0256614026,0.0829159777,0.00687505936
536.4,-0.0167183934,0.0770497319,0.0788426652,0.00621616586,-0.098848795,0.0764440427,0.124959097,0.0156147759
540,0.0357987694,-0.0715837113,0.0800361144,0.00640577961,0.0988652194,-0.0339175546,0.104521443,0.0109247321
543.6,-0.0310538054,0.16745414,0.170309213,0.029005228,-0.0927130807,0.0950917352,0.13280871,0.0176381534
547.2,-0.0760667945,-0.0387252511,0.0853569112,0.00728580229,-0.0213526152,-0.0163349261,0.0268842702,0.000722763984
550.8,0.0654108683,-0.0983133742,0.118085144,0.0139441012,0.0696658661,-0.0852277024,0.110077673,0.0121170942
554.4,-0.126737755,0.0339425717,0.131204256,0.0172145567,-0.117744497,0.0352802199,0.122916477,0.0151084604
558,0.11557775,-0.0712111479,0.135754351,0.0184292439,0.106896582,-0.0806380554,0.133900617,0.0179293752
561.6,0.0170883324,0.00434573703,0.0176322584,0.000310896536,0.0111590776,0.0539222975,0.0550648634,0.00303213918
565.2,-0.0185963401,0.0579920928,0.0609007938,0.00370890669,-0.0282679553,0.0489106344,0.0564918353,0.00319132746
568.8,0.0550903305,-0.0297104252,0.0625911645,0.00391765388,0.0955970832,-0.0468957533,0.106480111,0.011338014
572.4,-0.0411187565,0.132829795,0.139048577,0.0193345066,-0.143931258,0.0837503668,0.166524265,0.027730331
576,-0.0648582879,-0.0997469929,0.118979242,0.0141560601,0.0173482494,-0.0485987075,0.051602288,0.00266279613
579.6,0.0197894042,0.000331142291,0.0197921746,0.000391730175,0.0206505747,-0.0205968496,0.0291663582,0.000850676451
583.2,-0.0523193071,0.00326873152,0.0524213173,0.0027479945,-0.0583688928,0.0189317643,0.0613623609,0.00376533934
586.8,0.101735063,-0.0868010464,0.133732736,0.0178844447,0.129235433,-0.0949773791,0.160382355,0.0257224997
590.4,-0.0541524489,0.0466770571,0.0714929044,0.00511123538,-0.0649278184,0.0722887363,0.0971662647,0.009441283
594,0.0383314988,0.0439032729,0.0582820828,0.00339680118,0.00882414832,0.0257020697,0.0271746569,0.000738461979
597.6,0.0455615476,-0.0165651546,0.0484794695,0.00235025896,0.0528440458,0.00592546506,0.0531752227,0.00282760431
601.2,-0.0786439765,0.0751224598,0.1087578,0.011828259,-0.110575064,0.0580737067,0.124897559,0.0155994003
604.8,-0.00736162289,-0.0942752926,0.0945622773,0.00894202429,0.0682836306,-0.0936652402,0.115913034,0.0134358314
608.4,0.0104534492,0.0394582411,0.0408194487,0.0016662274,-0.0577082359,-0.00189646321,0.0577393892,0.00333383707
612,-0.0256563301,-0.0499239202,0.0561306074,0.00315064509,-0.0154108997,-2.7068041e-05,0.0154109235,0.000237496562
615.6,0.0716137891,-0.0162316541,0.0734302485,0.00539200139,0.119687352,-0.0308074581,0.12358868,0.0152741618
619.2,-0.0367476825,0.0596111019,0.0700276776,0.00490387564,-0.0719825615,0.0749290126,0.103903061,0.0107958461
622.8,0.0698596546,-0.00190302222,0.0698855696,0.00488399284,0.0639775853,-0.0278657002,0.0697827248,0.00486962867
626.4,-0.0355811376,0.00696041808,0.0362555482,0.00131446478,-0.0342327273,0.0294445283,0.0451537359,0.00203885986
630,-0.0775934456,0.0395011814,0.0870694329,0.00758108614,-0.104667744,0.0292240646,0.108670983,0.0118093825
633.6,0.0621286529,-0.0767061987,0.0987107412,0.00974381043,0.102381353,-0.0691007021,0.123518616,0.0152568485
637.2,-0.0429200353,0.0202947667,0.0474763834,0.00225400698,-0.0765240949,0.0156224013,0.0781024745,0.00609999653
640.8,0.018724605,-0.0745013589,0.0768183788,0.00590106331,0.054858031,-0.0528931057,0.0762042269,0.00580708419
644.4,0.0628548754,0.0581980459,0.0856606555,0.0073377479,0.0610109084,0.00515782788,0.0612285402,0.00374893413
648,-0.0395689698,0.0178591733,0.0434125955,0.00188465344,-0.0890344865,0.082887276,0.12164473,0.0147974403
651.6,0.0676196303,-0.00181130926,0.0676438854,0.00457569524,0.109788444,-0.0122853044,0.110473667,0.0122044312
655.2,-0.0794647806,0.0497303892,0.0937430689,0.00878776297,-0.0852671107,0.0424165083,0.0952346594,0.00906964034
658.8,-0.0447962242,-0.0210271959,0.0494858027,0.00244884467,-0.0540446758,-0.0402448325,0.0673830359,0.00454047352
662.4,0.0585181929,-0.0889482037,0.106471413,0.0113361618,0.0666682529,-0.0588973451,0.0889581543,0.00791355321
666,-0.0896790135,0.0369524318,0.0969938538,0.00940780768,-0.119459695,0.0346839574,0.124392908,0.0154735956
669.6,0.103640399,-0.055149792,0.117400306,0.0137828319,0.142042399,-0.057634028,0.153289674,0.0234977243
673.2,0.0320053167,0.0602070037,0.0681852154,0.00464922359,0.0306316829,0.0362992591,0.0474966968,0.00225593621
676.8,-0.0370513397,-0.0175917426,0.0410154993,0.00168227118,-0.0655768258,0.0406810274,0.0771703704,0.00595526607
680.4,0.0611246465,0.0516780877,0.0800427833,0.00640684715,0.0963749506,-0.0225145902,0.0989698837,0.00979503788
684,-0.10657546,0.0517349975,0.118468724,0.0140348386,-0.155396002,0.0887671319,0.178962345,0.0320275211
687.6,-0.0139531482,-0.0731862071,0.0745044378,0.00555091125,0.0275940314,-0.0571706202,0.0634815752,0.00402991038
691.2,0.0270847798,-0.0387914165,0.047311302,0.00223835929,0.0346791941,-0.0457680142,0.057422623,0.00329735763
694.8,-0.0795570969,0.0387761725,0.0885038034,0.00783292322,-0.0971891138,0.00733009785,0.0974651434,0.00949945417
698.4,0.155259464,-0.0929798318,0.180971684,0.0327507504,0.14966862,-0.0792480279,0.169354497,0.0286809457
702,-0.0471813383,0.0885109652,0.100300895,0.0100602696,-0.0439928277,0.0915926837,0.101609983,0.0103245886
705.6,0.0146158438,-0.00200531433,0.0147527684,0.000217644176,0.020779816,0.0180438045,0.0275205311,0.000757379634
709.2,0.0576560533,0.0544192745,0.0792822674,0.00628567792,0.0729618104,-0.0167855671,0.074867757,0.00560518103
712.8,-0.139338048,0.0079038343,0.139562037,0.0194775622,-0.174242006,0.0681253447,0.187086449,0.0350013394
716.4,0.00449336945,-0.0648970305,0.0650524014,0.00423181493,0.0612972587,-0.0880273467,0.107266806,0.0115061677
720,0.0203634869,0.0156101469,0.0256582986,0.000658348288,-0.0360275991,0.0266391001,0.0448065793,0.00200762955
723.6,-0.0359245968,-0.00946576693,0.0371507389,0.0013801774,-0.0188436287,-0.0145373387,0.0237995075,0.000566416559
727.2,0.134268761,-0.0936429321,0.163698195,0.0267970989,0.160386642,-0.0829569757,0.180570581,0.0326057347
730.8,-0.0821884029,0.127005526,0.151279005,0.0228853373,-0.0998077118,0.0991397316,0.140677879,0.0197902657
734.4,0.0897232675,-0.0434417994,0.0996867828,0.00993745466,0.0485097049,-0.0251089052,0.0546227845,0.00298364858
738,-0.0345565456,0.0714977096,0.0794108136,0.00630607731,0.00659492015,0.0491139369,0.0495547351,0.00245567177
741.6,-0.129981801,0.000989538447,0.129985568,0.0168962478,-0.123188601,0.062888851,0.13831283,0.0191304391
745.2,0.0788805306,-0.0629556726,0.10092351,0.0101855548,0.0948835105,-0.131969991,0.1625391,0.0264189592
748.8,-0.0218796149,0.00365213279,0.0221823268,0.000492055621,-0.0879913801,0.040691238,0.0969446225,0.00939825983
752.4,-0.0228568369,-0.0523886221,0.0571577004,0.00326700272,0.0199915677,-0.0510292241,0.0548055152,0.00300364449
756,0.128276731,-0.0147536876,0.129122388,0.0166725911,0.113018605,-0.0275817857,0.116335549,0.0135339599
759.6,-0.060849889,0.116226985,0.131192305,0.017211421,-0.0696394965,0.107544948,0.128123282,0.0164155754
763.2,0.0762309637,-0.0946972847,0.121567823,0.0147787356,0.0938789513,-0.0736477305,0.11931993,0.0142372457
766.8,-0.0929460888,0.141267001,0.16910157,0.028595341,-0.0761110058,0.07921887,0.109856791,0.0120685146
770.4,-0.0774508317,-0.0267249584,0.0819320128,0.00671285473,-0.0853389826,0.0289863705,0.0901274189,0.00812295163
774,0.069160055,-0.100891546,0.122320143,0.0149622173,0.0806604644,-0.0943781854,0.124150523,0.0154133524
777.6,-0.0699646155,0.0283592592,0.0754936753,0.00569929501,-0.0833452301,0.0620196047,0.103888684,0.0107928588
781.2,0.046856631,-0.0689829324,0.0833917792,0.00695418884,0.0836257974,-0.115126015,0.142292914,0.0202472734
784.8,0.105522921,-0.00623858381,0.105707175,0.0111740068,0.0280493786,0.00538744619,0.0285620765,0.000815792214
788.4,-0.0823207273,0.0789160558,0.114037038,0.013004446,-0.053751759,0.0997161578,0.113280906,0.0128325637
792,0.0974064198,-0.0261063615,0.1008442,0.0101695527,0.101858835,-0.0541900402,0.115376699,0.0133117827
795.6,-0.096397143,0.151114655,0.179242987,0.0321280483,-0.0851717765,0.112257651,0.140911362,0.0198560118
799.2,-0.0266657886,-0.103131726,0.106523317,0.0113472172,-0.0175262362,-0.0570226397,0.0596552629,0.00355875039
802.8,-0.0160801495,-0.0455849737,0.0483379875,0.00233656103,0.0128212328,-0.0621734623,0.0634816779,0.00402992343
806.4,-0.0338339073,0.0588297049,0.0678650681,0.00460566746,-0.0817798015,0.0718738193,0.108875074,0.0118537818
810,0.0741262364,-0.134876409,0.153903686,0.0236863445,0.110295309,-0.124046144,0.165989461,0.027552501
813.6,0.0447465846,0.0462469766,0.0643509105,0.00414103969,0.00182363527,0.0697163242,0.0697401714,0.00486369151
817.2,-0.0405808016,0.0698781696,0.0808069307,0.00652976005,-0.00148681766,0.0185347477,0.0185942867,0.000345747499
820.8,0.102230854,-0.028689433,0.106180182,0.0112742311,0.0398488225,-0.0392744617,0.0559500849,0.003130412
824.4,-0.114509443,0.126772641,0.170832418,0.029183715,-0.0947189421,0.139761411,0.168834031,0.0285049301
828,-0.0184745671,-0.0988690993,0.100580358,0.0101164084,0.0292048428,-0.0920268807,0.0965498297,0.00932186961
831.6,-0.0073405102,0.0130809241,0.0149997889,0.000224993666,-0.0116596714,-0.00999156799,0.0153551089,0.000235779368
835.2,-0.00573216298,-0.0256717833,0.0263039569,0.000691898148,-0.0428613589,0.00437456608,0.0430840216,0.00185623291
838.8,0.00607293354,-0.0977232239,0.0979117409,0.00958670901,0.0670866115,-0.109266225,0.128217477,0.0164397214
842.4,0.0547031658,0.0894392307,0.104841844,0.0109918123,-0.0109922518,0.118014546,0.118525367,0.0140482627
846,0.0209598814,-0.00135669934,0.021003744,0.00044115726,0.037813818,-0.0228201461,0.0441660945,0.0019506439
849.6,0.0438347273,-0.00136845754,0.0438560827,0.00192335599,0.0282914506,0.00354380548,0.0285125365,0.000812964736
853.2,-0.108341823,0.0901755143,0.140959477,0.019869574,-0.0740771216,0.071245454,0.102778085,0.0105633347
856.8,0.0326965012,-0.0957447452,0.101173699,0.0102361174,0.0057137794,-0.0877340862,0.0879199474,0.00772991716
860.4,-0.0401372808,0.0461144771,0.061135475,0.00373754631,-0.0372946894,0.0518912799,0.0639030421,0.00408359879
864,-0.00976670323,-0.0604597683,0.0612435473,0.00375077208,0.00385730854,-0.0278293159,0.0280953671,0.000789349653
867.6,0.0325296795,-0.0226787991,0.0396548607,0.00157250798,0.0644604285,-0.0727014821,0.0971630194,0.00944065234
871.2,0.0467969346,0.0470877558,0.0663868197,0.00440720983,-0.0346490806,0.0862904995,0.0929871448,0.00864660909
874.8,-0.00917320211,-0.0314467033,0.0327573318,0.00107304278,0.0383232806,-0.0505980853,0.0634731445,0.00402884007
878.4,0.0149084686,0.0519934245,0.0540886183,0.00292557863,-0.00827271837,0.0567871195,0.0573865386,0.00329321482
882,-0.0676793545,0.047020594,0.0824101407,0.00679143129,-0.0354064268,0.0373511955,0.0514657834,0.00264872687
885.6,0.025004665,-0.0986504072,0.101770016,0.0103571361,0.0259188586,-0.0920075093,0.0955885401,0.009137169
889.2,-0.0575350306,0.0464860128,0.0739677574,0.00547122913,-0.0561607557,0.0589247455,0.0814012046,0.00662615611
892.8,0.0163992052,-0.0366027364,0.0401085308,0.00160869424,0.0198518324,-0.0545453255,0.0580455665,0.00336928779
896.4,0.049938634,-0.0276415366,0.057078207,0.00325792172,0.0322255571,-0.00676710202,0.0329284103,0.0010842802
900,0.00293283593,0.0327982397,0.0329291065,0.00108432605,-0.00160722475,0.06688708,0.0669063871,0.00447646464
903.6,0.0239746223,-0.00856459015,0.0254584901,0.00064813472,0.0322353404,-0.0713103853,0.0782578317,0.00612428822
907.2,-0.0144595588,0.0514188584,0.053413274,0.00285297784,-0.0382573095,0.0684442061,0.0784106567,0.00614823108
910.8,-0.0319771199,-0.00693673747,0.0327208576,0.00107065452,-0.0206788033,-0.00559935063,0.0214234832,0.000458965632
914.4,0.000166997394,-0.0224985222,0.0224991419,0.000506211388,0.00152067755,-0.0375733023,0.0376040624,0.00141406551
918,-0.0384162642,0.0383834505,0.0543056041,0.00294909863,-0.0162666701,0.0426946388,0.0456884749,0.00208743674
921.6,0.057561116,-0.070801434,0.0912476034,0.00832612513,0.0394546985,-0.0774401507,0.0869117378,0.00755365018
925.2,-0.016762334,0.0131559076,0.0213085369,0.000454053745,-0.00697235765,0.0237048444,0.0247089744,0.000610533418
928.8,0.0235149093,0.0328188198,0.0403735791,0.00163002589,0.00572984941,0.0261154148,0.0267366053,0.000714846065
932.4,0.0152089701,-0.0180917714,0.0236352483,0.000558624964,0.0271838544,-0.0224045352,0.0352267674,0.00124092514
936,-0.0285982061,0.0463739937,0.0544830679,0.00296840469,-0.0373478005,0.062446128,0.0727624705,0.00529437711
939.6,-0.0108729832,-0.032595692,0.0343613286,0.0011807009,0.012070151,-0.0533047996,0.054654279,0.00298709021
943.2,0.00155584736,0.0193494736,0.0194119239,0.000376822788,-0.0181444385,0.00512580982,0.0188545637,0.000355494574
946.8,-0.0250328014,-0.0130736829,0.028241146,0.00079756233,-0.0199248715,0.0146292508,0.0247187274,0.000611015483
950.4,0.0470902159,-0.0335531531,0.0578212982,0.00334330252,0.0437126246,-0.0492034494,0.065816206,0.00433177298
954,-0.0211740962,0.0372793585,0.0428729859,0.00183809292,-0.00465446051,0.050716771,0.0509299015,0.00259385487
957.6,0.0310285711,-0.0189958217,0.0363814989,0.00132361346,0.00874274368,-0.0234289148,0.0250069913,0.000625349616
961.2,-0.0100572891,0.0176961456,0.0203544254,0.000414302632,0.000895564913,0.00364127348,0.00374978787,1.40609091e-05
964.8,-0.0449218305,0.0176100163,0.0482502179,0.00232808353,-0.0423631492,0.0405673608,0.0586544727,0.00344034717
968.4,0.0266328396,-0.0490436418,0.0558084845,0.00311458694,0.0221641433,-0.0446075541,0.0498104721,0.00248108313
972,-0.00405064797,0.0482862153,0.0484558184,0.00234796634,-0.00468744945,0.0208643157,0.0213843834,0.000457291853
975.6,-0.0149998072,-0.0567010334,0.0586515252,0.0034400014,-0.00717700897,-0.0231762875,0.0242621054,0.000588649759
979.2,0.0532186752,-0.00205110999,0.0532581866,0.00283643444,0.0391296365,-0.0198654444,0.0438835315,0.00192576434
982.8,-0.0340186812,0.0475659472,0.0584789706,0.00341979,-0.0273067123,0.0478498202,0.0550932104,0.00303526183
986.4,0.0292325442,-0.025003615,0.0384671601,0.0014797224,0.0188701831,-0.0125193103,0.0226454618,0.000512816939
990,-0.0125268051,0.0232621793,0.0264206326,0.000698049829,5.75534956e-05,0.0160177856,0.016017889,0.000256572767
993.6,-0.0607358728,0.0102303431,0.0615914455,0.00379350616,-0.0427493403,0.00494335736,0.0430342059,0.00185194288
997.2,0.0575588823,-0.0539799346,0.0789104446,0.00622685827,0.0241585622,-0.0398653966,0.046614225,0.00217288597
1000.8,-0.0250353845,0.0232132995,0.034141291,0.00116562775,-0.0263257566,0.0214366404,0.0339495951,0.00115257501
1004.4,-0.00331767598,-0.0237198156,0.0239507124,0.000573636626,0.0180449212,-0.0159739548,0.0240995106,0.000580786412
1008,0.070351657,0.0142112508,0.071772664,0.0051513153,0.0383213415,-0.00947988273,0.0394764916,0.00155839339
1011.6,-0.0444621385,0.0209291956,0.0491417642,0.00241491299,-0.0275391212,0.0300076375,0.0407291236,0.00165886151
1015.2,0.020417433,-0.00269471519,0.0205944911,0.000424133062,0.0230386748,-0.00852750305,0.0245662135,0.000603498845
1018.8,-0.0435751999,0.0292423663,0.052477748,0.00275391403,-0.0381036836,0.0149058293,0.0409154549,0.00167407445
1022.4,-0.0156947832,-0.00755167972,0.017417063,0.000303354085,-0.00808248368,0.0113971249,0.0139721508,0.000195220998
1026,0.0281027206,-0.0675957155,0.0732048063,0.00535894367,0.0321677498,-0.0325910678,0.0457923774,0.00209694183
1029.6,-0.0396309783,0.0437413007,0.0590247052,0.00348391582,-0.0423988873,0.000519148961,0.0424020655,0.00179793516
1033.2,0.0775930996,-0.0560303885,0.0957083776,0.00916009354,0.0549504339,-0.00929438968,0.0557309238,0.00310593587
1036.8,0.0038365339,0.0345082216,0.0347208345,0.00120553635,-0.0194500304,0.0074617264,0.0208322116,0.000433981042
1040.4,-0.0100125005,0.0308342039,0.0324191039,0.0010509983,-0.00639065765,0.0335162653,0.03412009,0.00116418054
1044,0.0207412917,0.0126669436,0.0243033463,0.00059065264,0.0361110777,-0.0099934078,0.0374683618,0.00140387813
1047.6,-0.0573603671,0.0241998346,0.0622562745,0.00387584372,-0.0794464375,0.0108945972,0.0801899537,0.00643042868
1051.2,-0.00415755223,-0.0356389763,0.0358806615,0.00128742187,0.031081056,-0.0237133197,0.0390941629,0.00152835357
1054.8,-0.00446135997,-0.0138140596,0.0145166103,0.000210731975,-0.0128072304,-0.0137654892,0.0188019638,0.000353513843
1058.4,-0.014360924,0.00930770217,0.0171134291,0.000292869457,-0.013936286,0.00186238813,0.0140601763,0.000197688556
1062,0.0737624093,-0.0741245956,0.104572218,0.0109353487,0.0870550122,-0.0291312139,0.0917997972,0.00842720277
1065.6,-0.0227553249,0.0690241723,0.0726783405,0.00528214118,-0.0513676847,0.0334347354,0.0612904606,0.00375652056
1069.2,0.0126383966,-0.00659642727,0.0142562941,0.000203241921,0.0270229862,0.00208120302,0.0271030107,0.00073457319
1072.8,0.0125887958,0.0338899802,0.036152573,0.00130700854,0.00704450581,0.0207999972,0.0219605315,0.000482264945
1076.4,-0.0670729197,0.00725291622,0.0674639263,0.00455138135,-0.072921583,0.0273908577,0.0778961896,0.00606781636
1080,0.00984756235,-0.0359202675,0.0372456722,0.0013872401,0.0614468493,-0.0471132826,0.0774298178,0.00599537668
1083.6,0.000311249192,-0.000832301524,0.000888595457,7.89601887e-07,-0.0404486224,0.00310540852,0.0405676548,0.00164573462
1087.2,-0.026422409,-0.0308545454,0.0406219973,0.00165014667,-0.00810422455,-0.0197392385,0.0213381346,0.00045531599
1090.8,0.0701407803,-0.0431601548,0.0823561049,0.00678252802,0.0698805901,-0.0120658705,0.0709146113,0.0050288821
1094.4,-0.0231814527,0.0891301636,0.0920954168,0.0084815658,-0.0556294323,0.0508613412,0.0753757903,0.00568150977
1098,0.0404793154,-0.0383588353,0.0557671518,0.00310997522,0.0570428055,-0.021548485,0.0609771995,0.00371821886
1101.6,-0.0232684013,0.0316230747,0.039261143,0.00154143735,-0.0202375837,0.0240386367,0.0314231738,0.000987415851
1105.2,-0.0579500531,0.0208502722,0.0615868696,0.00379294251,-0.0619853727,0.011973787,0.063131276,0.00398555801
1108.8,0.0355518468,-0.0270544295,0.0446752277,0.00199587597,0.054817228,-0.0455056382,0.0712438881,0.00507569159
1112.4,-0.0287044892,-0.027929051,0.040049714,0.00160397959,-0.0531798148,0.0341188632,0.0631837758,0.00399218953
1116,-0.00801521205,-0.00208935601,0.00828305697,6.86090328e-05,0.03630927,-0.0452013334,0.0579786481,0.00336152363
1119.6,0.0702823522,-0.0230764253,0.0739738497,0.00547213044,0.0371522503,-0.00545520427,0.0375506185,0.00141004895
1123.2,-0.0312040372,0.0565887407,0.0646218037,0.00417597751,-0.0600266066,0.0469459816,0.0762044532,0.00580711869
1126.8,0.0419675766,-0.0365081644,0.0556248465,0.00309412355,0.0647723069,-0.0275075877,0.0703712947,0.00495211912
1130.4,-0.0501692971,0.0788906702,0.0934916906,0.00874069622,-0.0410723484,0.0450904731,0.0609925288,0.00372008857
1134,0.0110053847,-0.0261934051,0.0284114935,0.000807212964,-0.0211068415,-0.0162129056,0.0266149783,0.000708357069
1137.6,-0.0157824647,-0.0374800553,0.0406674408,0.00165384074,0.0431596351,-0.0529039139,0.0682757513,0.00466157821
1141.2,-0.0505345622,0.0244251405,0.0561277959,0.00315032947,-0.0699711999,0.0415602709,0.0813831981,0.00662322493
1144.8,0.0670399933,-0.031701567,0.0741576028,0.00549935005,0.0588977026,-0.0415828638,0.0720976694,0.00519807394
1148.4,0.0170357236,-0.0135615368,0.021774553,0.00047413116,0.0143942249,0.0228686629,0.0270216479,0.000730169453
1152,-0.0327441465,0.054339309,0.063442412,0.00402493964,-0.0219228863,0.0326393531,0.0393184475,0.00154594032
1155.6,0.0613875632,-0.044163563,0.0756230997,0.00571885321,0.0446086841,-0.0461516504,0.0641865214,0.00411990953
1159.2,-0.0533828946,0.0701593759,0.0881593527,0.00777207147,-0.0764780762,0.0619085833,0.0983949634,0.00968156882
1162.8,0.00460845958,-0.0602246774,0.0604007423,0.00364824966,0.0179322959,-0.0303279005,0.03523278,0.00124134879
1166.4,-0.0228914132,0.0274303058,0.0357272791,0.00127643847,0.00885222258,-0.0256136174,0.0271001705,0.00073441924
1170,0.0068024669,-0.010006781,0.0120999679,0.000146409223,-0.0286824392,0.030377085,0.0417785784,0.00174544961
1173.6,0.0370493274,-0.0523269867,0.0641152572,0.0041107662,0.063727746,-0.0710538786,0.0954456876,0.00910987927
1177.2,-0.00917276376,0.045517491,0.0464325488,0.00215598158,-0.0354304003,0.0623828553,0.0717421348,0.0051469339
1180.8,0.0079823453,0.0196694588,0.0212274691,0.000450605446,0.0215006446,0.00907634497,0.0233379039,0.000544657757
1184.4,0.0225482793,-0.0335347346,0.0404104358,0.00163300333,0.0221436354,-0.0191507181,0.0292761096,0.000857090592
1188,-0.0688160244,0.0545811258,0.0878336183,0.00771474451,-0.0624277015,0.0540138431,0.0825512759,0.00681471316
1191.6,0.0292712083,-0.0572486507,0.0642978354,0.00413421164,0.0252394384,-0.0721995634,0.0764840258,0.0058498062
1195.2,-0.0270327084,0.0419472359,0.0499032857,0.00249033792,-0.0309373319,0.0286027244,0.04213353,0.00177523435
1198.8,0.00240985091,-0.0590742338,0.0591233666,0.00349557248,0.000265819345,0.00499728978,0.00500435461,2.50435651e-05
1202.4,0.0492185911,-0.010475914,0.0503211137,0.00253221449,0.0592005943,-0.0555244085,0.0811644645,0.0065876703
1206,-0.00584029948,0.0598646624,0.0601488729,0.00361788691,-0.0265209306,0.0689955789,0.0739171812,0.00546374968
1209.6,0.00026352177,-0.0385925424,0.0385934421,0.00148945377,0.0129748461,-0.0448341089,0.0466738037,0.00217844395
1213.2,0.00393576286,0.0203123445,0.0206901321,0.000428081568,-0.00797446975,0.0309464426,0.0319573853,0.00102127448
1216.8,-0.0572485365,0.0547300462,0.079200839,0.00627277289,-0.0367471255,0.0451550847,0.0582179775,0.00338933291
1220.4,0.0448613508,-0.0798885259,0.0916226903,0.00839471737,0.0320239859,-0.0812055878,0.0872919421,0.00761988316
1224,-0.0434071754,0.0459236189,0.0631914681,0.00399316164,-0.0247201812,0.039979553,0.0470048084,0.00220945201
1227.6,0.0118742533,-0.0618959055,0.0630246064,0.00397210101,0.00147072713,-0.0331329733,0.033165599,0.00109995696
1231.2,0.0507280445,0.00997204719,0.0516988996,0.00267277622,0.0293180156,-0.0252163058,0.038670507,0.00149540812
1234.8,-0.00997445711,0.0477236418,0.0487548539,0.00237703578,-0.0038649826,0.0771816062,0.077278318,0.00597193843
1238.4,-0.00336320493,-0.041249132,0.0413860126,0.00171280204,0.0189367032,-0.0584094203,0.0614024357,0.0037702591
1242,-0.00315924401,0.0570815076,0.0571688669,0.00326827934,-0.0157440149,0.0385276618,0.0416203644,0.00173225473
1245.6,-0.0324013051,0.00292805465,0.032533338,0.00105841808,-0.0256996006,0.0128215764,0.0287204159,0.000824862291
1249.2,0.0177371065,-0.0656373089,0.0679916265,0.00462286127,0.00130522404,-0.0462545094,0.0462729213,0.00214118325
1252.8,-0.0377589755,0.0717318183,0.0810629014,0.00657119399,-0.00109366294,0.049179474,0.049191633,0.00241981676
1256.4,0.0385973758,-0.0977303574,0.105076069,0.0110409802,0.0223677487,-0.0602620665,0.0642793345,0.00413183284
1260,0.0345480904,0.0266298621,0.04362018,0.00190272011,0.00145810444,0.00471126267,0.00493174051,2.43220645e-05
1263.6,-0.0235049263,0.0439168318,0.0498113409,0.00248116968,0.00111706983,0.0395527975,0.0395685687,0.00156567163
1267.2,0.00605464639,-0.0285170908,0.0291527565,0.000849883212,0.00486389722,-0.0325562236,0.0329175514,0.00108356519
1270.8,0.0110798712,0.0649581213,0.0658962902,0.00434232107,-0.00951519685,0.0643808479,0.0650802009,0.00423543254
1274.4,-0.0559731147,-0.0434906713,0.0708832001,0.00502442806,-0.00379978597,-0.0389934762,0.0391781771,0.00153492956
1278,0.0215973411,-0.0140866601,0.0257852503,0.000664879135,-0.0103610847,-0.0171820082,0.0200642339,0.000402573481
1281.6,-0.0170830417,0.027107247,0.0320411166,0.00102663315,-0.0124269391,0.030315813,0.032763964,0.00107347734
1285.2,0.00961512022,-0.0983098068,0.0987788877,0.00975726865,0.00850791566,-0.0586193088,0.059233504,0.003508608
1288.8,0.0444922567,0.0630999497,0.0772085783,0.00596116456,0.0239793302,0.0463915536,0.0522224523,0.00272718453
1292.4,0.00317250944,0.0163660819,0.0166707365,0.000277913454,-0.00489751456,-0.0129055232,0.0138035567,0.000190538178
1296,-0.0047242419,-0.0185357863,0.0191283516,0.000365893836,7.94688636e-06,-0.0238521263,0.0238521276,0.000568923991
1299.6,0.00329043431,0.0615898369,0.0616776699,0.00380413497,0.000969237631,0.0598291798,0.0598370301,0.00358047017
1303.2,-0.0537390915,-0.0174936634,0.056514761,0.00319391821,-0.0249028339,-0.0403158092,0.0473868717,0.00224551561
1306.8,0.0251668938,-0.0134856693,0.0285523347,0.000815235818,0.0259005573,0.00593732727,0.0265723677,0.000706090724
1310.4,-0.0389406746,0.00458472005,0.0392096391,0.0015373958,-0.00561916492,0.00545363869,0.00783052932,6.13171894e-05
1314,0.010564824,-0.0671903291,0.0680158498,0.00462615583,-0.0102993416,-0.0421033462,0.0433447597,0.00187876819
1317.6,0.0381364032,0.0490425627,0.0621253427,0.00385955821,0.0268372932,0.0437931999,0.0513622883,0.00263808466
1321.2,-0.00807240212,-0.0112518309,0.0138480098,0.000191767375,-0.015418944,0.0036930098,0.0158550356,0.000251382155
1324.8,0.012292179,0.000703939459,0.0123123189,0.000151593196,0.0106409325,-0.0144708032,0.0179620041,0.000322633591
1328.4,0.0023465446,0.0470992602,0.0471576778,0.00222384658,-0.00208868078,0.0258399683,0.0259242463,0.000672066548
1332,-0.0406616906,-0.0329984526,0.052366697,0.00274227095,-0.0341452053,-0.0272858105,0.0437082429,0.00191041049
1335.6,0.0227822123,0.00857995399,0.0243442973,0.000592644809,0.0144806462,0.00310531892,0.0148098656,0.000219332119
1339.2,-0.0326222139,0.00722667521,0.0334130764,0.00111643367,0.00320129348,0.00674935188,0.00747007569,5.58020308e-05
1342.8,0.0255827324,-0.0558098909,0.0613939746,0.00376922012,-0.00150619361,-0.0300986603,0.0301363231,0.000908197972
1346.4,0.0272653074,0.0446823461,0.0523441404,0.00273990904,0.0229424304,0.0171753138,0.0286591437,0.000821346519
1350,-0.0171883935,-0.0163776468,0.0237416973,0.000563668189,-0.0162927498,-0.000210505549,0.0162941096,0.000265498008
1353.6,0.0126720747,0.0159391466,0.0203626588,0.000414637873,-0.00100309005,0.00777154237,0.0078360105,6.14030605e-05
1357.2,0.0107305503,0.0376625198,0.0391613344,0.00153361011,0.0134697657,0.0133842741,0.0189887698,0.00036057338
1360.8,-0.0434248892,-0.0303356147,0.0529714123,0.00280597052,-0.0228096214,-0.0201408213,0.0304291227,0.000925931511
1364.4,0.0177399901,0.0109362276,0.0208400654,0.000434308324,0.0118501555,0.00170542538,0.0119722454,0.00014333466
1368,-0.0328211859,0.00255871864,0.0329207728,0.00108377728,-0.00591336458,-0.00400235192,0.00714049728,5.09867015e-05
1371.6,0.0166856445,-0.0474633311,0.0503108193,0.00253117854,0.00158926141,-0.00193753635,0.0025059527,6.27979895e-06
1375.2,0.0300200143,0.0372493845,0.0478405467,0.00228871791,0.0245207043,0.00970898365,0.0263728896,0.000695529304
1378.8,-0.0369988799,-0.0201238624,0.0421175374,0.00177388696,-0.0184865318,-0.00514923427,0.0191902702,0.000368266471
1382.4,0.0369917119,0.00478962634,0.0373004996,0.00139132727,0.00751910056,0.00528654573,0.00919154171,8.4484439e-05
1386,-0.00580309023,0.0158542022,0.0168828784,0.000285031582,-0.00700763874,0.00766607215,0.010386321,0.000107875663
1389.6,-0.0362659519,-0.0108636639,0.037858136,0.00143323846,-0.0160090949,-0.000760193925,0.0160271337,0.000256869015
1393.2,0.0410180376,0.00497000505,0.0413180391,0.00170718035,0.0265706618,-0.0135157963,0.029810683,0.000888676819
1396.8,-0.028923814,-0.00950827186,0.0304465803,0.00092699425,-0.0233352032,0.00967750768,0.0252623408,0.000638185864
1400.4,0.00068494503,-0.0193603817,0.0193724942,0.00037529353,0.0119114133,-0.0123457951,0.0171551865,0.000294300423
1404,0.0350999351,0.0174679684,0.0392063179,0.00153713536,0.0100620919,0.00652825872,0.011994326,0.000143863856
1407.6,-0.0262223444,0.00959798513,0.0279236936,0.000779732664,-0.0164483771,0.0182193907,0.0245457798,0.000602495307
1411.2,0.0182082213,-0.0157987388,0.0241068345,0.000581139469,0.0147972905,-0.0262971449,0.0301744865,0.000910499638
1414.8,-0.00859625476,0.02653341,0.0278911714,0.000777917442,-0.00954122602,0.0239674227,0.0257967507,0.000665472347
1418.4,-0.0170854426,-0.00560078223,0.0179800198,0.00032328111,-0.00913439863,-0.00912990572,0.0129148138,0.000166792417
1422,0.0193235174,-0.012749508,0.0231505568,0.000535948278,0.00865563319,-0.0188954653,0.0207836136,0.000431958595
1425.6,-0.0295897466,0.0118269251,0.0318658008,0.00101542926,0.00110176755,0.0282891947,0.0283106416,0.000801492428
1429.2,0.010759085,-0.019481222,0.0222547955,0.000495275922,-0.00469324958,-0.0348502057,0.0351648039,0.00123656343
1432.8,0.0104618811,0.00266306986,0.0107955035,0.000116542896,0.0149573647,0.0265467483,0.0304705202,0.000928452601
1436.4,-0.0107435757,0.00385821686,0.0114153517,0.000130310255,-0.0067216816,0.000460369467,0.00673742856,4.53929435e-05
1440,0.00456010252,-0.00991462604,0.0109130355,0.000119094344,-0.000670415201,-0.0155042087,0.0155186966,0.000240829945
1443.6,0.0103407832,0.0179263663,0.0206950817,0.000428286406,0.00957339088,0.0295565729,0.0310683249,0.000965240813
1447.2,-0.0102426137,-0.0299454245,0.0316486901,0.00100163958,-0.0187783662,-0.020741351,0.0279791114,0.000782830677
1450.8,0.0183667903,0.0150390236,0.0237383912,0.000563511217,0.0108269425,0.00457660335,0.0117544878,0.000138167982
1454.4,-0.0130181937,0.014743145,0.0196680881,0.00038683369,-0.00485813184,0.0187668815,0.0193854917,0.000375797287
1458,0.0109491708,-0.0218343142,0.0244258391,0.000596621617,-0.0129499629,-0.0333515118,0.0357774354,0.00128002488
1461.6,0.00980340884,0.0243374773,0.026237752,0.000688419629,0.0262611577,0.0305554385,0.0402899892,0.00162328323
1465.2,-0.0263352203,0.00179252766,0.0263961547,0.000696756982,-0.0296643507,-0.0157623063,0.0335920229,0.001128424
1468.8,0.0172233125,-0.0104453401,0.0201431781,0.000405747624,0.0122975636,-0.0143386861,0.0188898912,0.00035682799
1472.4,-0.0150251756,0.00917404131,0.0176045146,0.000309918936,0.0159079586,0.0271250311,0.0314456747,0.000988830457
1476,-0.0245995231,-0.0254241846,0.0353769091,0.0012515257,-0.0311041856,-0.0250021767,0.0399071322,0.0015925792
1479.6,0.0543551693,0.000282831419,0.0543559051,0.00295456442,0.0349399029,0.0128354045,0.0372229018,0.00138554442
1483.2,-0.0267289368,0.0158514569,0.0310757904,0.000965704748,-0.0104286313,0.00838133888,0.0133792074,0.000179003191
1486.8,0.0038823887,-0.0255261132,0.0258196707,0.000666655396,-0.0158342675,-0.0191038602,0.0248129301,0.000615681501
1490.4,0.0313689992,0.0257607091,0.0405909872,0.00164762825,0.0350051769,0.0272995826,0.0443917742,0.00197062962
1494,-0.0306440849,0.0131708367,0.0333546231,0.00111253088,-0.04125531,-0.0153413323,0.0440154186,0.00193735708
1497.6,0.00758631981,-0.020341708,0.0217103048,0.000471337333,0.023271865,-0.00538295,0.023886311,0.000570555851
1501.2,-0.0158470754,0.0292321636,0.0332513036,0.00110564919,0.00145652555,0.0169708518,0.0170332404,0.000290131277
1504.8,-0.0157626139,-0.0229899512,0.0278746812,0.000776997852,-0.0287685595,-0.0122093698,0.0312521796,0.000976698728
1508.4,0.0244290577,-0.0282022266,0.0373114519,0.00139214444,0.0444552965,0.00488992334,0.0447234249,0.00200018473
1512,-0.0107211557,0.0295465858,0.0314315751,0.000987943911,-0.0328216371,0.00851030832,0.0339070083,0.00114968521
1515.6,0.00482808904,-0.0220258194,0.022548773,0.000508447165,0.00230699512,-0.0178333509,0.017981953,0.000323350632
1519.2,0.0272644705,0.00638601157,0.0280023659,0.000784132497,0.0183621591,0.0137589644,0.0229451082,0.000526477988
1522.8,-0.025581423,0.0223655639,0.0339798125,0.00115462765,-0.0389115513,-0.00529908699,0.0392707162,0.00154218915
1526.4,0.0154104929,-0.0164239596,0.0225217615,0.000507229739,0.0338167423,-0.0141441755,0.0366555556,0.00134362976
1530,-0.00752012546,0.0288742816,0.0298375003,0.000890276422,-0.00956671489,0.0139153277,0.0168866332,0.000285158379
1533.6,-0.0255661878,-0.0257086461,0.0362569227,0.00131456444,-0.0105778994,-0.0157218837,0.0189491314,0.000359069583
1537.2,0.0232911296,0.00140736817,0.023333611,0.000544457404,0.030751364,0.000535584199,0.0307560277,0.000945933241
1540.8,-0.00141395718,0.0104865211,0.0105814177,0.0001119664,-0.0236514825,0.0210215307,0.0316432834,0.00100129738
1544.4,-0.00464639491,-0.0109424292,0.0118880504,0.000141325742,0.0137316058,-0.0218885843,0.0258392554,0.000667667119
1548,0.0164911329,0.00730824311,0.0180379567,0.00032536788,0.00879006375,0.0159931362,0.0182495377,0.000333045626
1551.6,-0.026576714,0.0258871746,0.0371007754,0.00137646754,-0.0261659701,-0.000963630675,0.0261837082,0.000685586573
1555.2,0.0067947434,-0.0356562733,0.0362979113,0.00131753836,0.0174217637,-0.00673444903,0.0186780795,0.000348870654
1558.8,-0.00457382515,0.0309647685,0.031300747,0.000979736765,-0.00744688123,0.0100930814,0.0125429794,0.000157326333
1562.4,-0.0332106828,-0.0236659841,0.0407802435,0.00166302826,-0.000972264367,-0.00859524542,0.00865006022,7.48235417e-05
1566,0.0354782296,-0.0282067721,0.0453246816,0.00205432677,0.0115634326,-0.00588802212,0.0129762004,0.000168381778
1569.6,0.0069821594,0.017588054,0.0189232712,0.000358090195,-0.0159098608,0.00411753017,0.0164340417,0.000270077725
1573.2,0.00143698626,-0.0090630742,0.00917628702,8.42042434e-05,0.0114958767,-0.00244178363,0.0117523397,0.000138117489
1576.8,0.0185913757,0.00383853555,0.0189835088,0.000360373606,0.00287262002,0.0083959115,0.0088737408,7.87432757e-05
1580.4,0.00124296529,0.0388477099,0.0388675897,0.00151068953,-0.0053498888,-0.00260643006,0.00595103251,3.54147879e-05
1584,-0.0291664153,-0.0263037782,0.0392755462,0.00154256853,0.0125125991,0.00241039916,0.0127426513,0.000162375161
1587.6,0.0122246001,0.0323224173,0.0345569024,0.00119417951,-0.0230673904,0.00388055916,0.0233915207,0.00054716324
1591.2,-0.020390526,-0.0226002203,0.0304391772,0.000926543508,0.0138735188,-0.000755188614,0.0138940574,0.000193044832
1594.8,-0.00669498588,-0.0232829348,0.0242263882,0.000586917888,-0.00796007463,-0.00229010411,0.00828295629,6.86073649e-05
1598.4,0.0212340603,0.00505361415,0.0218271467,0.000476424334,-0.00452685035,-0.00100765551,0.0046376442,2.15077438e-05
1602,0.00956434831,-0.00786634135,0.0123837024,0.000153356085,0.0120359389,-0.00836969038,0.0146599981,0.000214915543
1605.6,0.0142670742,0.00895601369,0.0168451651,0.000283759587,-0.0153382594,0.00740476375,0.0170321087,0.000290092727
1609.2,0.00440171223,0.0261468843,0.0265148002,0.00070303463,0.0149985377,-0.00578338685,0.01607494,0.000258403696
1612.8,-0.0283743533,-0.00328756545,0.0285641736,0.000815912013,-0.00155971202,0.00731776388,0.00748213671,5.59823698e-05
1616.4,0.0117756216,0.0228827313,0.0257348918,0.000662284655,-0.00929929933,0.00453675764,0.0103469386,0.000107059138
1620,-0.045271489,-0.0300538458,0.0543391329,0.00295274137,0.00996876106,-0.0188131309,0.0212910801,0.000453310091
1623.6,0.0152317521,-0.00449735206,0.0158818276,0.000252232449,-0.0133700167,0.0207146681,0.0246547119,0.000607854821
1627.2,0.0114830015,-0.0178787286,0.0212487238,0.000451508261,0.0105431502,-0.0165862271,0.0196535224,0.000386260944
1630.8,-0.00889743889,-0.0194208319,0.0213619552,0.00045633313,-0.00129157749,-0.00143615183,0.00193150317,3.73070449e-06
1634.4,0.0434310733,0.0163467613,0.0464055463,0.00215347473,0.00884710472,0.0175551804,0.0196584745,0.00038645562
1638,0.00256416767,0.021780757,0.0219311726,0.000480976331,-0.00549103222,-0.018570216,0.0193650293,0.000375004358
1641.6,-0.0184523619,-0.0006743257,0.0184646791,0.000340944375,0.00180416779,0.0253358765,0.0254000326,0.000645161657
1645.2,0.0180437069,0.0287356795,0.0339310276,0.00115131464,-0.00324194199,-0.00669071024,0.00743476909,5.52757914e-05
1648.8,-0.0582032486,-0.0172666229,0.0607104143,0.00368575441,-0.0217320367,-0.00666656121,0.022731574,0.000516724456
1652.4,0.0288828595,-0.00824671643,0.0300371088,0.000902227907,0.0189496034,0.00529151076,0.0196745408,0.000387087554
1656,-0.00880429585,-0.016320946,0.0185442418,0.000343888905,-0.0152165399,-0.0183849512,0.0238652366,0.000569549519
1659.6,-0.0146892233,0.00183742337,0.0148036957,0.000219149407,0.00508604948,0.00420508461,0.00659929056,4.35506359e-05
1663.2,0.0555025265,-0.0188617908,0.058619942,0.0034362976,0.0257656482,-0.0027719737,0.0259143294,0.000671552468
1666.8,-0.0265996852,0.0325269674,0.042018411,0.00176554686,-0.0225932467,0.0114277218,0.0253189183,0.000641047624
1670.4,0.00997708872,-0.00317737854,0.0104708182,0.000109638034,0.0235620258,0.00364559305,0.0238423868,0.000568459409
1674,0.0130311833,0.0188800092,0.0229404988,0.000526266485,-0.011977611,-0.0033948076,0.012449413,0.000154987884
1677.6,-0.0667770842,-0.0229827702,0.0706214323,0.00498738669,-0.0240310665,0.00972154654,0.0259229749,0.000672000626
1681.2,0.0636314946,-0.0015253372,0.0636497742,0.00405129376,0.0183649109,-0.0190564093,0.0264653866,0.00070041669
1684.8,-0.0399753706,-0.000157086402,0.0399756792,0.00159805493,-0.0190014379,0.00898559416,0.021018933,0.000441795544
1688.4,0.0131945271,0.00677320397,0.0148314476,0.000219971836,0.0213474557,-0.011460142,0.0242290883,0.000587048718
1692,0.0464504253,-0.0234256364,0.0520230954,0.00270640245,0.0205212397,-0.00486886035,0.0210909242,0.000444827082
1695.6,-0.044652523,0.0538797383,0.0699776679,0.00489687401,-0.0313375177,0.0243262806,0.0396712483,0.00157380794
1699.2,0.0136532837,-0.0307616475,0.0336554768,0.00113269112,0.0278811843,-0.0136919755,0.0310617229,0.000964830629
1702.8,-0.00525848855,0.0379275758,0.0382903736,0.00146615271,-0.0224926339,0.0252730095,0.0338325818,0.00114464359
1706.4,-0.0639575042,-0.0255399984,0.0688683807,0.00474285386,-0.0182062855,-0.00295631911,0.018444746,0.000340208654
1710,0.0720664186,-0.0374656782,0.0812234309,0.00659724574,0.0271916915,-0.0392836659,0.0477765056,0.00228259449
1713.6,-0.044215228,0.0276371001,0.0521420721,0.00271879569,-0.0340582147,0.0292026968,0.0448637881,0.00201275948
1717.2,0.0429956838,-0.0253179444,0.0498961635,0.00248962714,0.0274265124,-0.0332742642,0.0431206475,0.00185939024
1720.8,0.0195183608,-0.00831974966,0.021217555,0.000450184641,0.0281354112,0.00794294285,0.0292351108,0.000854691703
1724.4,-0.0176693714,0.0808041896,0.0827135039,0.00684152374,-0.0256951488,0.0359694466,0.0442045446,0.00195404176
1728,0.0118249312,-0.0620411885,0.0631580404,0.00398893807,0.0264892635,-0.0424635125,0.0500482864,0.00250483097
1731.6,-0.0309056271,0.0639922327,0.0710645033,0.00505016363,-0.0311094798,0.0581515599,0.0659500088,0.00434940366
1735.2,-0.0414702913,-0.0284209321,0.0502745904,0.00252753444,-0.0169980736,-0.0109898023,0.0202413009,0.000409710261
1738.8,0.045455241,-0.0353447644,0.057579782,0.0033154313,0.0223669117,-0.0399186628,0.0457578232,0.00209377838
1742.4,-0.0361967832,0.0197824138,0.0412498607,0.00170155101,-0.0201271572,0.0453933382,0.0496553885,0.00246565761
1746,0.0409380409,-0.0481867259,0.0632288206,0.00399788375,0.0183847215,-0.070160589,0.0725293474,0.00526050624
1749.6,0.0139068485,0.0145029651,0.0200931937,0.000403736432,0.00510353579,0.029881154,0.030313849,0.000918929442
1753.2,0.000219593096,0.0548219108,0.0548223506,0.00300549013,-0.00246204156,0.0380150844,0.0380947279,0.00145120829
1756.8,-0.00607681599,-0.0529896763,0.0533369805,0.00284483349,0.0162054045,-0.048346117,0.0509898242,0.00259996217
1760.4,-0.0102638836,0.0765898556,0.077274532,0.00597135329,-0.0187325579,0.0656693595,0.0682888973,0.0046633735
1764,-0.0186232873,-0.0502999628,0.0536368632,0.00287691309,-0.00854749402,-0.0449975241,0.0458021487,0.00209783683
1767.6,0.0184698474,-0.0144062668,0.0234238294,0.000548675786,-0.00776793647,-0.00790520527,0.0110830099,0.000122833107
1771.2,-0.0301884365,0.0208172388,0.0366701395,0.00134469913,0.00570970554,0.0400580369,0.0404629096,0.00163724706
1774.8,0.0529800095,-0.043552342,0.0685834375,0.0047036879,0.0140270184,-0.074321229,0.0756333413,0.00572040232
1778.4,-0.0188745992,0.0275223697,0.0333726134,0.00111373133,0.00162512857,0.0610152083,0.061036847,0.00372549669
1782,0.0172918125,0.0278025221,0.0327412128,0.00107198702,0.00244997376,-0.014683457,0.0148864462,0.00022160628
1785.6,-0.0232506164,-0.028573043,0.0368376159,0.00135700995,-0.014566212,-0.00748424342,0.0163764596,0.00026818843
1789.2,-0.00256283927,0.0629789196,0.0630310437,0.00397291246,0.00130626029,0.0602040037,0.0602181732,0.00362622838
1792.8,0.000770441147,-0.0880521343,0.0880555049,0.00775377194,-0.0069213469,-0.078970637,0.0792733659,0.00628426655
1796.4,-0.00111726995,0.0401248616,0.0401404136,0.00161125281,-0.00339362254,0.0288568333,0.0290556965,0.0008442335
1800,0.00428710569,-0.0142854241,0.0149148456,0.000222452618,0.00502007845,-0.010280283,0.011440516,0.000130885407
